nimi,numero,kategoria,oma_arvo_eur,markkinahinta_eur,markkinahinta_varastossa
Pokémon Center Lady,105/106,Kiilto,99.95,99.95,0
Garchomp C LV.X,145/147,Kiilto,86.95,86.95,0
Lillie,147/149,Kiilto,65.95,65.95,0
Ampharos,105/123,Vanhat,54.95,54.95,0
Magmortar LV.X,123/123,Tähti,53.95,53.95,0
Espeon EX,52/122,Kiilto,41.95,41.95,0
Articuno GX,154/168,Kiilto,37.95,37.95,0
Ash's Pikachu,SM113,Erikois,35.82,,
Charizard EX,12/108,Kiilto,32.95,32.95,1
Raichu,10/123,Tähti,31.95,31.95,0
Eevee,155/214,Kiilto,26.95,26.95,0
Double Colorless Energy,166/145,Kiilto,24.95,24.95,0
Faba,208/214,Kiilto,24,24,1
Abra,46/144,Vanhat,23,23,0
Quagsire,9/123,Vanhat,16,16,0
Spidops ex,243/198,Kiilto,15.5,15.5,3
Xerneas,091/086,Kiilto,15.5,,
Azumarill,2/123,Vanhat,13.5,13.5,0
Voltorb,85/112,Vanhat,13,13,0
Lapras,24/123,Tähti,13,13,0
Blastoise EX,21/108,Kiilto,12.5,12.5,1
Heracross,43/123,Vanhat,12,12,1
Life Dew,107/116,Kiilto,9.5,9.5,0
Double Colorless Energy,103/123,Trainer,9.5,9.5,0
Sunflora,31/123,Tähti,9,9,0
Muscle Band,121/146,Kiilto,8.95,8.95,1
Gold Potion,140/149,Kiilto,8,8,0
Jumpluff,6/123,Vanhat,8,8,1
Surfing Pikachu VMAX,009/025,Kiilto,7.36,,
Tapu Koko (Prism Star),51/181,Kiilto,6.5,,
Tyranitar,85/181,Kiilto,6,6,1
Persian,27/123,Tähti,6,6,0
Magcargo,45/106,Kiilto,5,,
Rayquaza,106/145,Tähti,5,5,0
Espurr,095/088,Kiilto,4.47,,
Mewtwo,51/108,Vanhat,4.25,4.25,0
Black Market (Prism Star),134/181,Kiilto,4,4,0
Quilava,49/123,Tähti,4,4,0
Krookodile,71/146,Tähti,3.75,3.75,1
Kartana,101/168,Tähti,3.75,3.75,1
Gyarados,31/113,Tähti,3.75,3.75,1
Mew,011/025,Kiilto,3.32,,
Genesect,10/101,Kiilto,3,3,0
Turtonator GX,18/145,Kiilto,3,3,4
Here Comes Team Rocket!,113/108,Trainer,3,3,5
Sharpedo,22/109,Vanhat,3,3,1
Rayquaza,153/217,Bulk,3.0,,
Pikachu,60/64,Vanhat,2.98,,
Mewtwo EX,XY107,Kiilto,2.76,,
Heat Factory (Prism Star),178/214,Kiilto,2.75,2.75,1
Crobat,66/214,Kiilto,2.75,2.75,1
Flareon,SM186,Erikois,2.62,,
Flareon,SM186,Erikois,2.62,,
Geodude,110/165,Vanhat,2.5,2.5,1
Team Aqua's Seviper,17/95,Vanhat,2.25,,
Alolan Sandslash,20/145,Kiilto,2,2,0
Shiinotic,17/149,Kiilto,2,2,0
Mudsdale,76/145,Kiilto,1.75,1.75,0
Lunala,015/025,Kiilto,1.75,1.75,0
Ampharos,049/198,Kiilto,1.75,1.75,0
Victreebel,3/145,Tähti,1.75,1.75,0
Malamar,76/146,Kiilto,1.7,1.7,1
Yveltal,019/025,Kiilto,1.5,1.5,7
Max Potion,103/122,Kiilto,1.5,1.5,0
Cassius,115/146,Kiilto,1.5,1.5,1
Caitlin,78/101,Kiilto,1.5,1.5,0
Stoutland,110/146,Kiilto,1.5,1.5,0
Stoutland,176/236,Kiilto,1.5,1.5,1
Charizard Spirit Link,75/108,Trainer,1.5,1.5,1
Rainbow Energy,131/146,Trainer,1.5,1.5,0
Counter Energy,100/111,Trainer,1.5,1.5,0
Draw Energy,209/236,Trainer,1.5,1.5,0
Draw Energy,209/236,Trainer,1.5,1.5,0
Phione,57/236,Vanhat,1.5,1.5,1
Qwilfish,50/123,Vanhat,1.5,1.5,0
Starmie,31/108,Vanhat,1.5,1.5,0
Revive,85/108,Vanhat,1.5,1.5,8
Electabuzz,41/108,Vanhat,1.5,1.5,0
Hoopa,141/217,Bulk,1.5,,
Mightyena,87/181,Tähti,1.5,1.5,0
Honchkrow,79/145,Tähti,1.5,1.5,0
Alolan Muk,84/181,Tähti,1.5,1.5,1
Pinsir,9/181,Tähti,1.5,1.5,0
Raticate,88/122,Tähti,1.5,1.5,0
Empoleon,56/236,Tähti,1.5,1.5,0
Zygarde,53/124,Tähti,1.5,1.5,0
Galarian Articuno V,058/198,Kiilto,1.38,,
Delphox,13/124,Kiilto,1.25,1.25,0
Krookodile,85/149,Kiilto,1.25,1.25,0
Pokédex,82/108,Trainer,1.25,1.25,4
Professor's Research (Professor Oak),024/025,Kiilto,1.1,,
Professor Oak's Hint,84/108,Kiilto,1,1,8
Welder,189/214,Kiilto,1,1,3
Electrode,40/108,Kiilto,1,1,7
Switch,88/108,Trainer,1,1,2
Ampharos,029/086,Bulk,1.0,,
Trevenant,039/086,Bulk,1.0,,
Trevenant,039/086,Bulk,1.0,,
Vileplume,003/094,Bulk,1.0,,
Yveltal,088/132,Bulk,1.0,,
Piplup,20/25,Pienet sarjat,0.98,,
Piplup,20/25,Pienet sarjat,0.98,,
Piplup,20/25,Pienet sarjat,0.98,,
Mudkip,19/25,Pienet sarjat,0.84,,
Frogadier,40/146,Kiilto,0.75,0.75,0
Frozen City,100/116,Kiilto,0.75,0.75,0
Reshiram,2/25,Kiilto,0.75,0.75,26
Blastoise Spirit Link,73/108,Trainer,0.75,0.75,10
Galarian Zigzagoon,130/217,Bulk,0.75,,
Swellow,104/145,Tähti,0.75,0.75,0
Lapras,5/12,Kiilto,0.64,,
Parasect,48/123,Vanhat,0.63,,
Totodile,18/25,Pienet sarjat,0.62,,
Metal Energy,80/90,Trainer,0.59,,
Sobble,24/25,Pienet sarjat,0.57,,
Sobble,24/25,Pienet sarjat,0.57,,
Sobble,24/25,Pienet sarjat,0.57,,
Alolan Sandshrew,4/12,Kiilto,0.55,,
Oddish,58/64,Vanhat,0.55,,
Pokémon Fan Club,94/106,Kiilto,0.5,0.5,4
Brock's Grit,74/108,Kiilto,0.5,0.5,0
Repel,130/149,Kiilto,0.5,0.5,3
Doctor,134/198,Kiilto,0.5,0.5,20
Wishful Baton,128/147,Kiilto,0.5,0.5,6
Tormenting Spray,125/147,Kiilto,0.5,0.5,7
Revavroom,142/198,Kiilto,0.5,0.5,25
Rattata,66/108,Vanhat,0.5,0.5,0
Pidgeot Spirit Link,81/108,Vanhat,0.5,0.5,12
Pidgeot Spirit Link,81/108,Vanhat,0.5,0.5,12
Eevee,12/12,Kiilto,0.46,,
Chikorita,2/25,Pienet sarjat,0.46,,
Watchog,071/086,Bulk,0.46,,
Staryu,56/64,Vanhat,0.45,,
Snivy,5/25,Pienet sarjat,0.45,,
Electivire,30/111,Vanhat,0.44,,
Scorbunny,16/25,Pienet sarjat,0.43,,
Drowzee,49/108,Vanhat,0.42,,
Starmie,73/160,Vanhat,0.41,,
Turtwig,4/25,Pienet sarjat,0.4,,
Treecko,3/25,Pienet sarjat,0.39,,
Rowlet,7/25,Pienet sarjat,0.38,,
Charmeleon,10/108,Vanhat,0.37,,
Chimchar,12/25,Pienet sarjat,0.37,,
Cosmog,013/025,Kiilto,0.35,,
Cosmog,013/025,Kiilto,0.35,,
Diglett,55/108,Vanhat,0.32,,
Onix,61/108,Vanhat,0.32,,
Diglett,55/108,Vanhat,0.32,,
Pikachu,35/108,Vanhat,0.32,,
Snorlax,80/106,Tähti,0.32,,
Carbink,117/217,Bulk,0.31,,
Aerodactyl,13/99,Kiilto,0.3,,
Clamperl,49/160,Kiilto,0.3,,
Corphish,42/160,Kiilto,0.3,,
Solgaleo GX,SM16,Kiilto,0.3,,
Life Forest (Prism Star),180/214,Kiilto,0.3,,
Magnemite,80/156,Kiilto,0.3,,
Weepinbell,2/111,Kiilto,0.3,,
Clefairy,144/236,Kiilto,0.3,,
Jangmo-o,98/145,Kiilto,0.3,,
Delibird,57/214,Kiilto,0.3,,
Loudred,136/185,Kiilto,0.3,,
Kakuna,4/146,Kiilto,0.3,,
Bidoof,106/146,Kiilto,0.3,,
Whismur,116/168,Kiilto,0.3,,
Durant,128/214,Kiilto,0.3,,
Taillow,103/145,Kiilto,0.3,,
Seedot,5/106,Kiilto,0.3,,
Metapod,2/106,Kiilto,0.3,,
Cherrim,11/156,Kiilto,0.3,,
Sharpedo,28/145,Kiilto,0.3,,
Growlithe,1/12,Kiilto,0.3,,
Dratini,9/12,Kiilto,0.3,,
Arctozolt,066/189,Kiilto,0.3,,
Mankey,8/12,Kiilto,0.3,,
Pikachu,25/25,Kiilto,0.3,,
Masquerain,8/149,Kiilto,0.3,,
Skuntank,55/106,Kiilto,0.3,,
Moltres ex,013/094,Bulk,0.3,,
Zekrom,010/025,Kiilto,0.29,,
Charmander,9/108,Vanhat,0.29,,
Team Aqua's Poochyena,55/95,Kiilto,0.28,,
Slugma,67/90,Pienet sarjat,0.28,,
"Fasasnob (Pidgeot, saksa)",86/114,Tähti,0.28,,
Caterpie,3/108,Vanhat,0.27,,
Caterpie,3/108,Vanhat,0.27,,
Wishiwashi,31/70,Pienet sarjat,0.27,,
Meditite,103/217,Bulk,0.25,,
Magikarp,33/108,Vanhat,0.24,,
Magikarp,33/108,Vanhat,0.24,,
Salazzle,035/217,Bulk,0.24,,
Growlithe,10/99,Pienet sarjat,0.23,,
Yanmega,4/119,Tähti,0.23,,
Raticate,34/90,Tähti,0.23,,
Golem,47/106,Tähti,0.23,,
Drapion,53/156,Tähti,0.23,,
Bagon,42/70,Pienet sarjat,0.2,,
Froakie,020/086,Bulk,0.2,,
Tangela,006/132,Bulk,0.2,,
Ninetales,020/133,Bulk,0.2,,
Beedrill,5/146,Kiilto,0.18,,
Magcargo,21/146,Kiilto,0.18,,
Gastly,92,Erikois,0.18,,
Gastly,92,Erikois,0.18,,
Kangaskhan,55/70,Pienet sarjat,0.18,,
Furret,82/106,Tähti,0.18,,
Golurk,72/101,Tähti,0.18,,
Sandshrew,54/108,Vanhat,0.16,,
Slugma,20/146,Kiilto,0.15,,
Kabuto,77/181,Kiilto,0.15,,
Litleo,50/214,Kiilto,0.15,,
Skiddo,011/198,Kiilto,0.15,,
Gothita,073/189,Kiilto,0.15,,
Omanyte,56/108,Kiilto,0.15,,
Dodrio,99/146,Kiilto,0.15,,
Zubat,64/214,Kiilto,0.15,,
Gastly,36/111,Kiilto,0.15,,
Tyrogue,100/214,Kiilto,0.15,,
Vanillish,34/145,Kiilto,0.15,,
Pidgey,122/181,Kiilto,0.15,,
Petilil,4/145,Kiilto,0.15,,
Rockruff,73/145,Kiilto,0.15,,
Doublade,61/122,Kiilto,0.15,,
Weepinbell,2/145,Kiilto,0.15,,
Piloswine,20/111,Kiilto,0.15,,
Noctowl,107/147,Kiilto,0.15,,
Mudkip,32/168,Kiilto,0.15,,
Buneary,84/106,Kiilto,0.15,,
Baltoy,57/163,Kiilto,0.15,,
Skwovet,152/189,Kiilto,0.15,,
Metang,94/168,Kiilto,0.15,,
Flabébé,62/106,Kiilto,0.15,,
Braixen,25/146,Kiilto,0.15,,
Shelmet,8/111,Kiilto,0.15,,
Ekans,47/146,Kiilto,0.15,,
Koffing,73/214,Kiilto,0.15,,
Carvanha,27/145,Kiilto,0.15,,
Roselia,8/106,Kiilto,0.15,,
Granbull,91/149,Kiilto,0.15,,
Trapinch,32/70,Kiilto,0.15,,
Gothita,52/145,Kiilto,0.15,,
Illumise,71/106,Kiilto,0.15,,
Shinx,74/99,Kiilto,0.15,,
Jigglypuff,14/18,Kiilto,0.15,,
Magmar,20/108,Vanhat,0.15,,
Porygon,71/108,Vanhat,0.15,,
Wormadam,44/124,Kiilto,0.14,,
Litten,26/214,Kiilto,0.14,,
Simisear,23/146,Kiilto,0.14,,
Warp Energy,95/100,Kiilto,0.14,,
Snom,052/217,Bulk,0.14,,
Poliwhirl,24/108,Vanhat,0.13,,
Tangela,8/108,Vanhat,0.13,,
Staryu,020/088,Bulk,0.11,,
Doduo,69/108,Vanhat,0.1,,
Litleo,19/106,Kiilto,0.09,,
Ponyta,14/106,Kiilto,0.09,,
Buizel,28/106,Kiilto,0.09,,
Spheal,037/198,Kiilto,0.09,,
Linoone,112/160,Kiilto,0.09,,
Weedle,5/108,Vanhat,0.09,,
Beautifly,013/217,Bulk,0.09,,
Dedenne,029/088,Bulk,0.07,,
Gastly,47/108,Vanhat,0.05,,
Gastly,47/108,Vanhat,0.05,,
